
{"data": [
{
    
"Visit Preparation" : [
 {
  "No": 1,
  "question": "Appearance (General)",
  "grade": 4,
  "titleYes": "Accepted",
  "titleNO": "Not Accepted"
 },
 {
  "No": 2,
  "question": "Visit Card Prepared",
  "grade": 4,
  "titleYes": "Y",
  "titleNo": "N"
 },
 {
  "No": 3,
  "question": "Visit Objectives are defined",
  "grade": 4,
  "titleYes": "Y",
  "titleNo": "N"
 },
 {
  "No": 4,
  "question": "Open Orders Checked",
  "grade": 2,
  "titleYes": "Y",
  "titleNo": "N"
 },
 {
  "No": 5,
  "question": "Credit Situation Checked",
  "grade": 2,
  "titleYes": "Y",
  "titleNo": "N"
 },
 {
  "No": 6,
  "question": "Outstanding Payments Checked",
  "grade": 2,
  "titleYes": "Y",
  "titleNo": "N"
 },
 {
  "No": 7,
  "question": "Sales History Checked",
  "grade": 2,
  "titleYes": "Y",
  "titleNo": "N"
 },
 {
  "No": 8,
  "question": "Current Target Checked",
  "grade": 1,
  "titleYes": "Y",
  "titleNo": "N"
 },
 {
  "No": 9,
  "question": "Is this a regular visit",
  "grade": 0,
  "titleYes": "Y",
  "titleNo": "N"
 },
 {
  "No": 10,
  "question": "Is this the first visit",
  "grade": 0,
  "titleYes": "Y",
  "titleNo": "N"
 },
 {
  "No": 11,
  "question": "Is there an appointment with the dealer",
  "grade": 2,
  "titleYes": "Y",
  "titleNo": "N"
 },
 {
  "No": 12,
  "question": "Tablet with B|PRO is available and ready to use",
  "grade": 2,
  "titleYes": "Y",
  "titleNo": "N"
 }
],
"Alignment":[
 {
  "No": 13,
  "question": "Supervisor is Aware with the visit date and timing",
  "grade": 2,
  "titleYes": "Y",
  "titleNo": "N"
 },
 {
  "No": 14,
  "question": "Supervisor aware with visit objectives",
  "grade": 2,
  "titleYes": "Y",
  "titleNo": "N"
 },
 {
  "No": 15,
  "question": "Outstanding Payments & Credit Situation are aligned with Finance",
  "grade": 2,
  "titleYes": "Y",
  "titleNo": "N"
 },
 {
  "No": 16,
  "question": "Aligned with Marketing",
  "grade": 2,
  "titleYes": "Y",
  "titleNo": "N",
  "titleNotApplicable": "Not Applicable"
 }
],
"Approach": [
 
 {
  "No": 17,
  "question": "Arrived earlier than the agreed time by 10 mins at least",
  "grade": 2,
  "titleYes": "Y",
  "titleNo": "N"
 },
 {
  "No": 18,
  "question": "Introduce himself\/herself",
  "grade": 1,
  "titleYes": "Y",
  "titleNo": "N"
 },
 {
  "No": 19,
  "question": "Introduce the assessor",
  "grade": 1,
  "titleYes": "Y",
  "titleNo": "N"
 },
 {
  "No": 20,
  "question": "Self confidence level",
  "grade": 3,
  "titleYes": "Low",
  "titleNo": "Mid",
  "title4": "High",
  "title5": "Over confident"
 }
],
"Dealer Qualification":[
 
 {
  "No": 21,
  "question": "Asked questions about the dealer sellout",
  "grade": 2,
  "titleYes": "Y",
  "titleNo": "N"
 },
 {
  "No": 22,
  "question": "Asked questions about the competition sellout",
  "grade": 2,
  "titleYes": "Y",
  "titleNo": "N"
 },
 {
  "No": 23,
  "question": "Asked questions about the dealer stock \/ taking note",
  "grade": 4,
  "titleYes": "Y",
  "titleNo": "N"
 },
 {
  "No": 24,
  "question": "Asked questions about the dealer marketing activities",
  "grade": 2,
  "titleYes": "Y",
  "titleNo": "N"
 },
 {
  "No": 25,
  "question": "Asked questions about the competition marketing activities",
  "grade": 2,
  "titleYes": "Y",
  "titleNo": "N"
 },
 {
  "No": 26,
  "question": "Asked questions about the customers profiles (Car brands, most requested brands, most requested sizes, etc.)",
  "grade": 2,
  "titleYes": "Y",
  "titleNo": "N"
 },
 {
  "No": 27,
  "question": "Asked questions related to the dealer financial situation",
  "grade": 2,
  "titleYes": "Y",
  "titleNo": "N"
 }
],
"Observation":[
 
 {
  "No": 28,
  "question": "Performed a physical stock check (visited the warehouse)",
  "grade": 2,
  "titleYes": "Y",
  "titleNo": "N",
  "titleNotPossible": "Not Possible"
 },
 {
  "No": 29,
  "question": "Checked competitors new patterns and sizes",
  "grade": 2,
  "titleYes": "Y",
  "titleNo": "N"
 },
 {
  "No": 30,
  "question": "Performed a marketing and branding activities check (Check banners, flyers, roll-ups) > Capturing using B-Pro",
  "grade": 2,
  "titleYes": "Y",
  "titleNo": "N"
 },
 {
  "No": 31,
  "question": "Checked the competition Marketing activities within the store",
  "grade": 2,
  "titleYes": "Y",
  "titleNo": "N"
 }
],
"Offer solutions":[
 {
  "No": 32,
  "question": "Drive MIX opportunities (LRD, HRD, HRD+)",
  "grade": 4,
  "titleYes": "Y",
  "titleNo": "N"
 },
 {
  "No": 33,
  "question": "Drive the OE sales opportunities - Refering to the OE Catalogue",
  "grade": 4,
  "titleYes": "Y",
  "titleNo": "N"
 },
 {
  "No": 34,
  "question": "Drive New Flagship Patterns \/ Technology (Ex: Drive Guard, Potenza Sport..) opportunities",
  "grade": 4,
  "titleYes": "Y",
  "titleNo": "N"
 },
 {
  "No": 35,
  "question": "Driving the Negotiation or being driven into the negotiation",
  "grade": 2,
  "titleYes": "Drive ",
  "titleNo": "Driven"
 },
 {
  "No": 36,
  "question": "Using B|PRO ",
  "grade": 2,
  "titleYes": "Y",
  "titleNo": "N"
 },
 {
  "No": 37,
  "question": "Manage to handle dealer objections",
  "grade": 2,
  "titleYes": "Y",
  "titleNo": "N"
 },
 {
  "No": 38,
  "question": "At the end of the negotiation did the dealer accept the offer\/sales suggestion",
  "grade": 1,
  "titleYes": "Y",
  "titleNo": "N"
 },
 {
  "No": 39,
  "question": "Order Confirmed",
  "grade": 4,
  "titleYes": "Y",
  "titleNo": "N"
 },
 {
  "No": 40,
  "question": "Confirmation email\/message sent during or directly after the visit",
  "grade": 1,
  "titleYes": "Y",
  "titleNo": "N"
 },
 {
  "No": 41,
  "question": "Agreed on next steps with the dealer (Payment amount, Payment date, Delivery date, etc.)",
  "grade": 1,
  "titleYes": "Y",
  "titleNo": "N"
 },
 {
  "No": 42,
  "question": "Checked the situation of the outstanding balance",
  "grade": 1,
  "titleYes": "Y",
  "titleNo": "N"
 },
 {
  "No": 43,
  "question": "Agreed on next collection steps for outstanding balance and new order",
  "grade": 1,
  "titleYes": "Y",
  "titleNo": "N"
 },
 {
  "No": 44,
  "question": "Provide the dealer with Product literature ",
  "grade": 1,
  "titleYes": "Y",
  "titleNo": "N"
 },
 {
  "No": 45,
  "question": "Updated the Visit card with the agreed points, objectives resolved.",
  "grade": 2,
  "titleYes": "Y",
  "titleNo": "N"
 }
],
 "After the Visit":[
 {
  "No": 50,
  "question": "Aligned the new order with the finance department \/ collection",
  "grade": 2,
  "titleYes": "Y",
  "titleNo": "N"
 },
 {
  "No": 52,
  "question": "Feedback Provided to Supervisor",
  "grade": 2,   
  "titleYes": "Y",
  "titleNo": "N"
 },
 {
  "No": 53,
  "question": "Updated the Visit card with the Next steps ",
  "grade": 2,
  "titleYes": "Y",
  "titleNo": "N"
 }
]
}
]
}